logEC50,smile,Cation,Anion
3.3,COCC[N+]1(C)CCCC1.O=S(=O)([N-]S(=O)(=O)C(F)(F)F)C(F)(F)F,COCC[N+]1(C)CCCC1,O=S(=O)([N-]S(=O)(=O)C(F)(F)F)C(F)(F)F
0.235,CCCCCCCC[n+]1cccc2ccccc21.F[B-](F)(F)F,CCCCCCCC[n+]1cccc2ccccc21,F[B-](F)(F)F
3.2588392875,CCCCn1cc[n+](CC)c1.F[B-](F)(F)F,CCCCn1cc[n+](CC)c1,F[B-](F)(F)F
0.33,CCCCCCCCCCCCCCCC[N+](C)(C)Cc1ccccc1.[Cl-],CCCCCCCCCCCCCCCC[N+](C)(C)Cc1ccccc1,[Cl-]
1.372374173,CCCCn1cc[n+](C)c1.FC(F)(F)C(F)(F)[P-](F)(F)(F)(C(F)(F)C(F)(F)F)C(F)(F)C(F)(F)F,CCCCn1cc[n+](C)c1,FC(F)(F)C(F)(F)[P-](F)(F)(F)(C(F)(F)C(F)(F)F)C(F)(F)C(F)(F)F
2.928941705,C[n+]1ccn(CCc2ccccc2)c1.F[P-](F)(F)(F)(F)F,C[n+]1ccn(CCc2ccccc2)c1,F[P-](F)(F)(F)(F)F
0.36,CCCCCCCC[n+]1cc(C)cc(C)c1.O=S(=O)([N-]S(=O)(=O)C(F)(F)F)C(F)(F)F,CCCCCCCC[n+]1cc(C)cc(C)c1,O=S(=O)([N-]S(=O)(=O)C(F)(F)F)C(F)(F)F
3.61,CCCC[N+](C)(C)C.O=S(=O)([N-]S(=O)(=O)C(F)(F)F)C(F)(F)F,CCCC[N+](C)(C)C,O=S(=O)([N-]S(=O)(=O)C(F)(F)F)C(F)(F)F
3.4,C[NH+](C)CCO.O=C([O-])CO,C[NH+](C)CCO,O=C([O-])CO
1.4991552769999998,CCCCCCCCCCn1cc[n+](C)c1.F[P-](F)(F)(F)(F)F,CCCCCCCCCCn1cc[n+](C)c1,F[P-](F)(F)(F)(F)F
3.53,C[N+]1(C#N)CCOCC1.O=S(=O)([N-]S(=O)(=O)C(F)(F)F)C(F)(F)F,C[N+]1(C#N)CCOCC1,O=S(=O)([N-]S(=O)(=O)C(F)(F)F)C(F)(F)F
3.0105946495,CCCCn1cc[n+](C)c1.O=S(=O)([O-])C(F)(F)F,CCCCn1cc[n+](C)c1,O=S(=O)([O-])C(F)(F)F
2.9,COCC[N+]1(C)CCOCC1.O=S(=O)(N=S(=O)([O-])C(F)(F)F)C(F)(F)F,COCC[N+]1(C)CCOCC1,O=S(=O)(N=S(=O)([O-])C(F)(F)F)C(F)(F)F
3.4,CC1=CC(=O)N=S(=O)([O-])O1.CCCCCCOC[n+]1cccc(O)c1,CCCCCCOC[n+]1cccc(O)c1,CC1=CC(=O)N=S(=O)([O-])O1
3.77,COCCC[N+]1(C)CCOCC1.O=S(=O)([N-]S(=O)(=O)C(F)(F)F)C(F)(F)F,COCCC[N+]1(C)CCOCC1,O=S(=O)([N-]S(=O)(=O)C(F)(F)F)C(F)(F)F
3.3,CCCCCCOC[n+]1cccc(O)c1.O=C1[N-]S(=O)(=O)c2ccccc21,CCCCCCOC[n+]1cccc(O)c1,O=C1[N-]S(=O)(=O)c2ccccc21
4.66,NC(CO)C(=O)[O-].OCCCn1cc[nH+]c1,OCCCn1cc[nH+]c1,NC(CO)C(=O)[O-]
3.48,CCCC[N+](C)(C)CC.O=S(=O)([N-]S(=O)(=O)C(F)(F)F)C(F)(F)F,CCCC[N+](C)(C)CC,O=S(=O)([N-]S(=O)(=O)C(F)(F)F)C(F)(F)F
0.53,CCCCCCCCCCn1cc[n+](CC)c1.[Br-],CCCCCCCCCCn1cc[n+](CC)c1,[Br-]
3.48,CC[S+](C)CC.O=S(=O)([N-]S(=O)(=O)C(F)(F)F)C(F)(F)F,CC[S+](C)CC,O=S(=O)([N-]S(=O)(=O)C(F)(F)F)C(F)(F)F
1.92,CCCCCC[n+]1ccn(C)c1.[Cl-],CCCCCC[n+]1ccn(C)c1,[Cl-]
2.26,CCCCCCn1cc[n+](CC)c1.F[B-](F)(F)F,CCCCCCn1cc[n+](CC)c1,F[B-](F)(F)F
4.6,CC[N+](C)(C)CCO.[I-],CC[N+](C)(C)CCO,[I-]
3.2900173055,CCCCn1cc[n+](C)c1.Cc1ccc(S(=O)(=O)[O-])cc1,CCCCn1cc[n+](C)c1,Cc1ccc(S(=O)(=O)[O-])cc1
0.93,CCCCCC[n+]1ccc(N(C)C)cc1.[Cl-],CCCCCC[n+]1ccc(N(C)C)cc1,[Cl-]
3.13,CCn1cc[n+](C)c1.O=C(O)c1ccccc1[O-],CCn1cc[n+](C)c1,O=C(O)c1ccccc1[O-]
3.288900865,CCCCn1cc[n+](C)c1.O=S(=O)([O-])O,CCCCn1cc[n+](C)c1,O=S(=O)([O-])O
3.0,CCCCCCCOC[n+]1cccc(O)c1.[Cl-],CCCCCCCOC[n+]1cccc(O)c1,[Cl-]
2.85,CCCCC[n+]1ccccc1.O=S(=O)([N-]S(=O)(=O)C(F)(F)F)C(F)(F)F,CCCCC[n+]1ccccc1,O=S(=O)([N-]S(=O)(=O)C(F)(F)F)C(F)(F)F
2.88,Cn1cc[n+](CCO)c1.O=S(=O)(N=S(=O)([O-])C(F)(F)F)C(F)(F)F,Cn1cc[n+](CCO)c1,O=S(=O)(N=S(=O)([O-])C(F)(F)F)C(F)(F)F
3.156120830666667,CCCCn1cc[n+](C)c1.COCCOCCOS(=O)(=O)[O-],CCCCn1cc[n+](C)c1,COCCOCCOS(=O)(=O)[O-]
2.0,CCCCCCCC[N+]1(C)CCCCC1.[Br-],CCCCCCCC[N+]1(C)CCCCC1,[Br-]
-0.2401660775,CCCCCCCCCCCCCCCCn1cc[n+](C)c1.[Cl-],CCCCCCCCCCCCCCCCn1cc[n+](C)c1,[Cl-]
2.96,Cn1c(=O)c2c(n(C)c1=O)[n+](C)cn2C.O=S(=O)([O-])C(F)(F)F,Cn1c(=O)c2c(n(C)c1=O)[n+](C)cn2C,O=S(=O)([O-])C(F)(F)F
3.0,CC1=CC(=O)N=S(=O)([O-])O1.CCCCCCCOC[n+]1cccc(O)c1,CCCCCCCOC[n+]1cccc(O)c1,CC1=CC(=O)N=S(=O)([O-])O1
2.835,CCCCCCn1cc[n+](C)c1.[Cl-],CCCCCCn1cc[n+](C)c1,[Cl-]
2.16,COCC[N+]1(C)CCCC1.FC(F)(F)C(F)(F)[P-](F)(F)(F)(C(F)(F)C(F)(F)F)C(F)(F)C(F)(F)F,COCC[N+]1(C)CCCC1,FC(F)(F)C(F)(F)[P-](F)(F)(F)(C(F)(F)C(F)(F)F)C(F)(F)C(F)(F)F
3.19,CCCCCC[N+]1(C)CCCC1.[Br-],CCCCCC[N+]1(C)CCCC1,[Br-]
0.63,CCCCCCCCn1cc[n+](C)c1.[Br-],CCCCCCCCn1cc[n+](C)c1,[Br-]
1.15,COCCn1cc[n+](C)c1.F[B-](F)(F)F,COCCn1cc[n+](C)c1,F[B-](F)(F)F
2.14,CCOC[n+]1ccccc1.O=S(=O)(N=S(=O)([O-])C(F)(F)F)C(F)(F)F,CCOC[n+]1ccccc1,O=S(=O)(N=S(=O)([O-])C(F)(F)F)C(F)(F)F
0.93,CCCCCC[n+]1ccc(N(C)C)cc1.O=S(=O)([N-]S(=O)(=O)C(F)(F)F)C(F)(F)F,CCCCCC[n+]1ccc(N(C)C)cc1,O=S(=O)([N-]S(=O)(=O)C(F)(F)F)C(F)(F)F
2.05,CC[n+]1ccn(C)c1.F[P-](F)(F)(F)(F)F,CC[n+]1ccn(C)c1,F[P-](F)(F)(F)(F)F
1.07,CCCCCC[n+]1cccc2ccccc21.F[B-](F)(F)F,CCCCCC[n+]1cccc2ccccc21,F[B-](F)(F)F
2.695,C[N+]1(CCCO)CCCCC1.[Cl-],C[N+]1(CCCO)CCCCC1,[Cl-]
3.97,CCn1cc[n+](C)c1.CS(=O)(=O)[O-],CCn1cc[n+](C)c1,CS(=O)(=O)[O-]
3.6,CCCOC[n+]1cccc(O)c1.O=C1N=S(=O)([O-])c2ccccc21,CCCOC[n+]1cccc(O)c1,O=C1N=S(=O)([O-])c2ccccc21
3.48,CCCC[n+]1cccc(C)c1.[I-],CCCC[n+]1cccc(C)c1,[I-]
2.9,C[N+]1(Cc2ccccc2)CCOCC1.O=C([O-])c1ccccc1O,C[N+]1(Cc2ccccc2)CCOCC1,O=C([O-])c1ccccc1O
2.12,CC[n+]1ccn(C)c1.N#C[S-],CC[n+]1ccn(C)c1,N#C[S-]
4.449999999999999,CCCC[N+]1(C)CCCC1.[Cl-],CCCC[N+]1(C)CCCC1,[Cl-]
3.9,COCC(=O)[O-].C[N+]1(Cc2ccccc2)CCOCC1,C[N+]1(Cc2ccccc2)CCOCC1,COCC(=O)[O-]
2.13,CC[n+]1ccn(C)c1.O=S(=O)([O-])C(F)(F)F,CC[n+]1ccn(C)c1,O=S(=O)([O-])C(F)(F)F
1.42,CCCCCCn1cc[n+](C)c1.[Br-],CCCCCCn1cc[n+](C)c1,[Br-]
1.88,CCCCCC[n+]1ccn(C)c1.F[B-](F)(F)F,CCCCCC[n+]1ccn(C)c1,F[B-](F)(F)F
1.6,CCCCCCCCCCCOC[n+]1cccc(O)c1.[Cl-],CCCCCCCCCCCOC[n+]1cccc(O)c1,[Cl-]
4.449999999999999,C[n+]1ccn(CCCO)c1.[Cl-],C[n+]1ccn(CCCO)c1,[Cl-]
3.373947862666667,CCOCCn1cc[n+](C)c1.O=S(=O)([N-]S(=O)(=O)C(F)(F)F)C(F)(F)F,CCOCCn1cc[n+](C)c1,O=S(=O)([N-]S(=O)(=O)C(F)(F)F)C(F)(F)F
2.93,CCCC[n+]1cccc(C)c1C.[Br-],CCCC[n+]1cccc(C)c1C,[Br-]
0.79,CCCCCCCC[n+]1cccc(C)c1.[Br-],CCCCCCCC[n+]1cccc(C)c1,[Br-]
0.17,CCCCCCCC[n+]1cccc2ccccc21.[Cl-],CCCCCCCC[n+]1cccc2ccccc21,[Cl-]
3.736638733333333,C[n+]1ccn(CCCO)c1.O=S(=O)([N-]S(=O)(=O)C(F)(F)F)C(F)(F)F,C[n+]1ccn(CCCO)c1,O=S(=O)([N-]S(=O)(=O)C(F)(F)F)C(F)(F)F
3.481436792,C[n+]1ccn(CCO)c1.F[B-](F)(F)F,C[n+]1ccn(CCO)c1,F[B-](F)(F)F
3.71,C[N+]1(CCCO)CCCC1.O=S(=O)([N-]S(=O)(=O)C(F)(F)F)C(F)(F)F,C[N+]1(CCCO)CCCC1,O=S(=O)([N-]S(=O)(=O)C(F)(F)F)C(F)(F)F
2.21,CCC[n+]1ccccc1.O=S(=O)(N=S(=O)([O-])C(F)(F)F)C(F)(F)F,CCC[n+]1ccccc1,O=S(=O)(N=S(=O)([O-])C(F)(F)F)C(F)(F)F
2.64,Cc1ccc(Cn2cc[n+](C)c2)cc1.[Cl-],Cc1ccc(Cn2cc[n+](C)c2)cc1,[Cl-]
2.41,CCCC[N+]1(C)CCCC1.FC(F)(F)C(F)(F)[P-](F)(F)(F)(C(F)(F)C(F)(F)F)C(F)(F)C(F)(F)F,CCCC[N+]1(C)CCCC1,FC(F)(F)C(F)(F)[P-](F)(F)(F)(C(F)(F)C(F)(F)F)C(F)(F)C(F)(F)F
2.51,CCCCCCCn1cc[n+](C)c1.F[B-](F)(F)F,CCCCCCCn1cc[n+](C)c1,F[B-](F)(F)F
2.58,COCC[n+]1ccn(C)c1.[Cl-],COCC[n+]1ccn(C)c1,[Cl-]
1.56,CCCC[n+]1cc(C)cc(C)c1C.O=S(=O)([N-]S(=O)(=O)C(F)(F)F)C(F)(F)F,CCCC[n+]1cc(C)cc(C)c1C,O=S(=O)([N-]S(=O)(=O)C(F)(F)F)C(F)(F)F
2.55,CCOCC[N+](C)(C)CC.O=S(=O)(N=S(=O)([O-])C(F)(F)F)C(F)(F)F,CCOCC[N+](C)(C)CC,O=S(=O)(N=S(=O)([O-])C(F)(F)F)C(F)(F)F
3.43,CCCC[N+]1(C)CCOCC1.O=S(=O)([N-]S(=O)(=O)C(F)(F)F)C(F)(F)F,CCCC[N+]1(C)CCOCC1,O=S(=O)([N-]S(=O)(=O)C(F)(F)F)C(F)(F)F
3.05,CCCC[n+]1ccc(C)c(C)c1.[Cl-],CCCC[n+]1ccc(C)c(C)c1,[Cl-]
2.0,CCCC[n+]1ccn(C)c1.Cc1ccc(S(=O)(=O)[O-])cc1,CCCC[n+]1ccn(C)c1,Cc1ccc(S(=O)(=O)[O-])cc1
2.03,CC[n+]1ccn(C)c1.O=C([O-])C(F)(F)F,CC[n+]1ccn(C)c1,O=C([O-])C(F)(F)F
4.6,CC[N+](C)(C)CC#N.[Cl-],CC[N+](C)(C)CC#N,[Cl-]
0.64,CCCCCCCC[n+]1cc(C)cc(C)c1C.[Br-],CCCCCCCC[n+]1cc(C)cc(C)c1C,[Br-]
2.84,CCCC[n+]1cccc(C)c1C.O=S(=O)([O-])C(F)(F)F,CCCC[n+]1cccc(C)c1C,O=S(=O)([O-])C(F)(F)F
1.03,CCn1cc[n+](C)c1.c1ccc2c(c1)O[B-]1(O2)Oc2ccccc2O1,CCn1cc[n+](C)c1,c1ccc2c(c1)O[B-]1(O2)Oc2ccccc2O1
2.64,Cc1ccc(CN2C=C[NH+](C)C2)cc1.[Cl-],Cc1ccc(CN2C=C[NH+](C)C2)cc1,[Cl-]
3.0,CCCCCCCOC[n+]1cccc(O)c1.O=C1N=S(=O)([O-])c2ccccc21,CCCCCCCOC[n+]1cccc(O)c1,O=C1N=S(=O)([O-])c2ccccc21
3.23,CCCCCCCCOS(=O)(=O)[O-].CCCC[n+]1cccc(C)c1,CCCC[n+]1cccc(C)c1,CCCCCCCCOS(=O)(=O)[O-]
3.89,C[N+](C)(C)CCO.O=C([O-])CO,C[N+](C)(C)CCO,O=C([O-])CO
2.27,CCC[n+]1ccn(C)c1.[Cl-],CCC[n+]1ccn(C)c1,[Cl-]
3.25,CCCC[n+]1ccccc1C.F[B-](F)(F)F,CCCC[n+]1ccccc1C,F[B-](F)(F)F
4.15,CC=CC(=O)[O-].C[N+]1(Cc2ccccc2)CCOCC1,C[N+]1(Cc2ccccc2)CCOCC1,CC=CC(=O)[O-]
1.9,CCCCCC[n+]1ccn(C)c1C.F[B-](F)(F)F,CCCCCC[n+]1ccn(C)c1C,F[B-](F)(F)F
3.89,OCCCn1cc[nH+]c1.[I-],OCCCn1cc[nH+]c1,[I-]
2.9,C[N+]1(Cc2ccccc2)CCOCC1.O=C(O)c1ccccc1[O-],C[N+]1(Cc2ccccc2)CCOCC1,O=C(O)c1ccccc1[O-]
3.31193361,CCCCn1cc[n+](CC)c1.O=C([O-])C(F)(F)F,CCCCn1cc[n+](CC)c1,O=C([O-])C(F)(F)F
2.45,C[N+]1(CC#N)CCCCC1.O=S(=O)(N=S(=O)([O-])C(F)(F)F)C(F)(F)F,C[N+]1(CC#N)CCCCC1,O=S(=O)(N=S(=O)([O-])C(F)(F)F)C(F)(F)F
2.56,O=S(=O)(N=S(=O)([O-])C(F)(F)F)C(F)(F)F.OCCC[n+]1ccccc1,OCCC[n+]1ccccc1,O=S(=O)(N=S(=O)([O-])C(F)(F)F)C(F)(F)F
2.05,CC[n+]1ccn(C)c1.F[B-](F)(F)F,CC[n+]1ccn(C)c1,F[B-](F)(F)F
2.22,CCC[n+]1ccn(C)c1.F[P-](F)(F)(F)(F)F,CCC[n+]1ccn(C)c1,F[P-](F)(F)(F)(F)F
2.0,CCCC[n+]1ccn(C)c1.N#C[S-],CCCC[n+]1ccn(C)c1,N#C[S-]
2.65,O=S(=O)(N=S(=O)([O-])C(F)(F)F)C(F)(F)F.OCC[n+]1ccccc1,OCC[n+]1ccccc1,O=S(=O)(N=S(=O)([O-])C(F)(F)F)C(F)(F)F
3.34,CCOCC[N+]1(C)CCCCC1.O=S(=O)([N-]S(=O)(=O)C(F)(F)F)C(F)(F)F,CCOCC[N+]1(C)CCCCC1,O=S(=O)([N-]S(=O)(=O)C(F)(F)F)C(F)(F)F
2.03,CCCCCCCC[n+]1ccn(C)c1.F[P-](F)(F)(F)(F)F,CCCCCCCC[n+]1ccn(C)c1,F[P-](F)(F)(F)(F)F
2.37,CCOC(=O)C[N+](C)(C)CC.FC(F)(F)C(F)(F)[P-](F)(F)(F)(C(F)(F)C(F)(F)F)C(F)(F)C(F)(F)F,CCOC(=O)C[N+](C)(C)CC,FC(F)(F)C(F)(F)[P-](F)(F)(F)(C(F)(F)C(F)(F)F)C(F)(F)C(F)(F)F
1.09,CCCCCCCCCC[n+]1ccn(C)c1.[Cl-],CCCCCCCCCC[n+]1ccn(C)c1,[Cl-]
3.4,CC[S+](CC)CC.[Br-],CC[S+](CC)CC,[Br-]
3.53,CCOC(=O)C[N+](C)(C)CC.O=S(=O)([N-]S(=O)(=O)C(F)(F)F)C(F)(F)F,CCOC(=O)C[N+](C)(C)CC,O=S(=O)([N-]S(=O)(=O)C(F)(F)F)C(F)(F)F
3.41,CCOC[N+]1(C)CCCCC1.O=S(=O)([N-]S(=O)(=O)C(F)(F)F)C(F)(F)F,CCOC[N+]1(C)CCCCC1,O=S(=O)([N-]S(=O)(=O)C(F)(F)F)C(F)(F)F
3.865,CC[N+](C)(C)CC#N.O=S(=O)([N-]S(=O)(=O)C(F)(F)F)C(F)(F)F,CC[N+](C)(C)CC#N,O=S(=O)([N-]S(=O)(=O)C(F)(F)F)C(F)(F)F
4.0,C[N+]1(Cc2ccccc2)CCOCC1.O=[N+]([O-])[O-],C[N+]1(Cc2ccccc2)CCOCC1,O=[N+]([O-])[O-]
1.89,CCCCCCCC[n+]1ccccc1.[Br-],CCCCCCCC[n+]1ccccc1,[Br-]
1.6,CC1=CC(=O)[N-]S(=O)(=O)O1.CCCCCCCCCCCOC[n+]1cccc(O)c1,CCCCCCCCCCCOC[n+]1cccc(O)c1,CC1=CC(=O)[N-]S(=O)(=O)O1
2.94,CCCCCC[N+]1(C)CCCCC1.[Br-],CCCCCC[N+]1(C)CCCCC1,[Br-]
3.26,CCOCC[n+]1ccccc1.O=S(=O)([N-]S(=O)(=O)C(F)(F)F)C(F)(F)F,CCOCC[n+]1ccccc1,O=S(=O)([N-]S(=O)(=O)C(F)(F)F)C(F)(F)F
2.16,CCCC[n+]1cccc2ccccc21.F[B-](F)(F)F,CCCC[n+]1cccc2ccccc21,F[B-](F)(F)F
1.74,CCCCCCCCCCCCCC[P+](CCCCCC)(CCCCCC)CCCCCC.O=C(O)c1ccccc1[O-],CCCCCCCCCCCCCC[P+](CCCCCC)(CCCCCC)CCCCCC,O=C(O)c1ccccc1[O-]
1.08,CCCCCCCC[n+]1cccc(C)c1C.[Br-],CCCCCCCC[n+]1cccc(C)c1C,[Br-]
2.22,CCC[n+]1ccccc1.[Br-],CCC[n+]1ccccc1,[Br-]
4.24,CCOCC[n+]1ccccc1.[Br-],CCOCC[n+]1ccccc1,[Br-]
3.4282556305,CCCCn1cc[n+](CC)c1.O=S(=O)([O-])C(F)(F)F,CCCCn1cc[n+](CC)c1,O=S(=O)([O-])C(F)(F)F
4.6,COCCC[N+]1(C)CCOCC1.[Cl-],COCCC[N+]1(C)CCOCC1,[Cl-]
3.44,CCn1cc[n+](C)c1.F[B-](F)(F)F,CCn1cc[n+](C)c1,F[B-](F)(F)F
2.67,Cc1ccc(Cn2cc[n+](C)c2)cc1.F[B-](F)(F)F,Cc1ccc(Cn2cc[n+](C)c2)cc1,F[B-](F)(F)F
2.32,CCCC[n+]1cccc2ccccc21.[Br-],CCCC[n+]1cccc2ccccc21,[Br-]
3.0,CC1=CC(=O)[N-]S(=O)(=O)O1.CCCCCCCOC[n+]1cccc(O)c1,CCCCCCCOC[n+]1cccc(O)c1,CC1=CC(=O)[N-]S(=O)(=O)O1
3.21,CCCC[n+]1cccc(C)c1.COS(=O)(=O)[O-],CCCC[n+]1cccc(C)c1,COS(=O)(=O)[O-]
2.88,Cn1cc[n+](CC#N)c1.O=S(=O)(N=S(=O)([O-])C(F)(F)F)C(F)(F)F,Cn1cc[n+](CC#N)c1,O=S(=O)(N=S(=O)([O-])C(F)(F)F)C(F)(F)F
2.68,CCCC[n+]1cccc(C)c1.O=S(=O)([N-]S(=O)(=O)C(F)(F)F)C(F)(F)F,CCCC[n+]1cccc(C)c1,O=S(=O)([N-]S(=O)(=O)C(F)(F)F)C(F)(F)F
4.6,C[N+]1(CCCO)CCOCC1.[Cl-],C[N+]1(CCCO)CCOCC1,[Cl-]
1.62,CCCCCCCCC[n+]1ccn(C)c1.F[P-](F)(F)(F)(F)F,CCCCCCCCC[n+]1ccn(C)c1,F[P-](F)(F)(F)(F)F
1.5275224035,CCCCCCCCOS(=O)(=O)[O-].CCCCCCCCn1cc[n+](C)c1,CCCCCCCCn1cc[n+](C)c1,CCCCCCCCOS(=O)(=O)[O-]
2.09,CC[n+]1ccn(C)c1.O=P([O-])(C(F)(F)C(F)(F)F)C(F)(F)C(F)(F)F,CC[n+]1ccn(C)c1,O=P([O-])(C(F)(F)C(F)(F)F)C(F)(F)C(F)(F)F
1.852456511,CCCCCCCCCn1cc[n+](C)c1.F[P-](F)(F)(F)(F)F,CCCCCCCCCn1cc[n+](C)c1,F[P-](F)(F)(F)(F)F
1.91,CCCCCCC[n+]1ccn(C)c1.F[P-](F)(F)(F)(F)F,CCCCCCC[n+]1ccn(C)c1,F[P-](F)(F)(F)(F)F
4.2275,CC(=O)[O-].CCn1cc[n+](C)c1,CCn1cc[n+](C)c1,CC(=O)[O-]
2.78,CCCC[N+]1(C)CCOCC1.O=S(=O)(N=S(=O)([O-])C(F)(F)F)C(F)(F)F,CCCC[N+]1(C)CCOCC1,O=S(=O)(N=S(=O)([O-])C(F)(F)F)C(F)(F)F
3.6,CCCCOC[n+]1cccc(O)c1.O=C1[N-]S(=O)(=O)c2ccccc21,CCCCOC[n+]1cccc(O)c1,O=C1[N-]S(=O)(=O)c2ccccc21
-0.03,CCCCCCCC[n+]1cccc2ccccc21.[Br-],CCCCCCCC[n+]1cccc2ccccc21,[Br-]
3.250210001,COCCn1cc[n+](C)c1.O=S(=O)([N-]S(=O)(=O)C(F)(F)F)C(F)(F)F,COCCn1cc[n+](C)c1,O=S(=O)([N-]S(=O)(=O)C(F)(F)F)C(F)(F)F
3.247756334,CCCC(=O)[O-].OCC[NH2+]CCO,OCC[NH2+]CCO,CCCC(=O)[O-]
2.03,CC[n+]1ccn(C)c1.O=S(=O)(N=S(=O)([O-])C(F)(F)F)C(F)(F)F,CC[n+]1ccn(C)c1,O=S(=O)(N=S(=O)([O-])C(F)(F)F)C(F)(F)F
2.22,CC[n+]1ccn(C)c1.Cc1ccc(S(=O)(=O)[O-])cc1,CC[n+]1ccn(C)c1,Cc1ccc(S(=O)(=O)[O-])cc1
1.32,CCCC[P+](CCCC)(CCCC)CCCC.c1ccc2c(c1)O[B-]1(O2)Oc2ccccc2O1,CCCC[P+](CCCC)(CCCC)CCCC,c1ccc2c(c1)O[B-]1(O2)Oc2ccccc2O1
1.915,CCCC[n+]1ccn(C)c1.[Cl-],CCCC[n+]1ccn(C)c1,[Cl-]
2.06,CC[n+]1ccn(C)c1.[Cl-],CC[n+]1ccn(C)c1,[Cl-]
2.89,CN(C)c1cc[n+](C)cc1.[I-],CN(C)c1cc[n+](C)cc1,[I-]
1.945,CCCC[n+]1ccn(C)c1.F[B-](F)(F)F,CCCC[n+]1ccn(C)c1,F[B-](F)(F)F
2.85,CCCCCCCCCCCCCC[P+](CCCCCC)(CCCCCC)CCCCCC.[Br-],CCCCCCCCCCCCCC[P+](CCCCCC)(CCCCCC)CCCCCC,[Br-]
3.06,C[n+]1ccn(CCCO)c1.O=C([O-])CF,C[n+]1ccn(CCCO)c1,O=C([O-])CF
1.9,CCCCC(CC)COC(=O)CC(C(=O)OCC(CC)CCCC)S(=O)(=O)[O-].CCCCCCCCCCCCCC[P+](CCCCCC)(CCCCCC)CCCCCC,CCCCCCCCCCCCCC[P+](CCCCCC)(CCCCCC)CCCCCC,CCCCC(CC)COC(=O)CC(C(=O)OCC(CC)CCCC)S(=O)(=O)[O-]
1.955,CCCC[n+]1ccn(C)c1.N#C[N-]C#N,CCCC[n+]1ccn(C)c1,N#C[N-]C#N
2.2415190245,CCCCCCn1cc[n+](C)c1.O=S(=O)([N-]S(=O)(=O)C(F)(F)F)C(F)(F)F,CCCCCCn1cc[n+](C)c1,O=S(=O)([N-]S(=O)(=O)C(F)(F)F)C(F)(F)F
2.16,CCOC[N+]1(C)CCCCC1.O=S(=O)(N=S(=O)([O-])C(F)(F)F)C(F)(F)F,CCOC[N+]1(C)CCCCC1,O=S(=O)(N=S(=O)([O-])C(F)(F)F)C(F)(F)F
3.3,CCCC[n+]1ccccc1.N#CN=C=[N-],CCCC[n+]1ccccc1,N#CN=C=[N-]
3.42,CCCC[n+]1cc(C)cc(C)c1.[Cl-],CCCC[n+]1cc(C)cc(C)c1,[Cl-]
0.0,CCCCCCCCCCCCCC[P+](CCCCCC)(CCCCCC)CCCCCC.FC(F)(F)C(F)(F)[P-](F)(F)(F)(C(F)(F)C(F)(F)F)C(F)(F)C(F)(F)F,CCCCCCCCCCCCCC[P+](CCCCCC)(CCCCCC)CCCCCC,FC(F)(F)C(F)(F)[P-](F)(F)(F)(C(F)(F)C(F)(F)F)C(F)(F)C(F)(F)F
3.57,C[n+]1cc[nH]c1.O=C([O-])C(F)(F)F,C[n+]1cc[nH]c1,O=C([O-])C(F)(F)F
2.54,CCn1cc[n+](CC)c1.O=S(=O)([N-]S(=O)(=O)C(F)(F)F)C(F)(F)F,CCn1cc[n+](CC)c1,O=S(=O)([N-]S(=O)(=O)C(F)(F)F)C(F)(F)F
3.517147543,CCCCn1cc[n+](C)c1.[I-],CCCCn1cc[n+](C)c1,[I-]
4.0881799155,CCn1cc[n+](C)c1.O=S(=O)([O-])C(F)(F)F,CCn1cc[n+](C)c1,O=S(=O)([O-])C(F)(F)F
0.59,CCCCCCCC[n+]1cc(CC)ccc1C.[Br-],CCCCCCCC[n+]1cc(CC)ccc1C,[Br-]
1.88,CCCCCC[n+]1ccn(C)c1.F[P-](F)(F)(F)(F)F,CCCCCC[n+]1ccn(C)c1,F[P-](F)(F)(F)(F)F
4.07,CC(=O)[O-].C[n+]1cc[nH]c1,C[n+]1cc[nH]c1,CC(=O)[O-]
2.91,CCOC(=O)C[N+]1(C)CCCC1.FC(F)(F)C(F)(F)[P-](F)(F)(F)(C(F)(F)C(F)(F)F)C(F)(F)C(F)(F)F,CCOC(=O)C[N+]1(C)CCCC1,FC(F)(F)C(F)(F)[P-](F)(F)(F)(C(F)(F)C(F)(F)F)C(F)(F)C(F)(F)F
4.23,CCCC[N+]1(C)CCCC1.N#C[N-]C#N,CCCC[N+]1(C)CCCC1,N#C[N-]C#N
2.09,COCC[n+]1ccccc1.O=S(=O)(N=S(=O)([O-])C(F)(F)F)C(F)(F)F,COCC[n+]1ccccc1,O=S(=O)(N=S(=O)([O-])C(F)(F)F)C(F)(F)F
2.58,CCCCCCCCCCCCCC[P+](CCCCCC)(CCCCCC)CCCCCC.CS(=O)(=O)[O-],CCCCCCCCCCCCCC[P+](CCCCCC)(CCCCCC)CCCCCC,CS(=O)(=O)[O-]
2.15,CCCCCC[n+]1ccn(C)c1.O=S(=O)(N=S(=O)([O-])C(F)(F)F)C(F)(F)F,CCCCCC[n+]1ccn(C)c1,O=S(=O)(N=S(=O)([O-])C(F)(F)F)C(F)(F)F
2.87,CCCCCC[n+]1ccccc1.O=S(=O)([N-]S(=O)(=O)C(F)(F)F)C(F)(F)F,CCCCCC[n+]1ccccc1,O=S(=O)([N-]S(=O)(=O)C(F)(F)F)C(F)(F)F
3.7,CC1=CC(=O)[N-]S(=O)(=O)O1.CCCCOC[n+]1cccc(O)c1,CCCCOC[n+]1cccc(O)c1,CC1=CC(=O)[N-]S(=O)(=O)O1
2.09,CC[n+]1ccn(C)c1.COCCOCCOS(=O)(=O)[O-],CC[n+]1ccn(C)c1,COCCOCCOS(=O)(=O)[O-]
3.768577933,CCC(=O)[O-].OCC[NH2+]CCO,OCC[NH2+]CCO,CCC(=O)[O-]
3.56,Cn1cc[n+](C)c1.O=S(=O)([N-]S(=O)(=O)C(F)(F)F)C(F)(F)F,Cn1cc[n+](C)c1,O=S(=O)([N-]S(=O)(=O)C(F)(F)F)C(F)(F)F
1.6,CCCCCCCCCCCOC[n+]1cccc(O)c1.O=C1[N-]S(=O)(=O)c2ccccc21,CCCCCCCCCCCOC[n+]1cccc(O)c1,O=C1[N-]S(=O)(=O)c2ccccc21
4.15,CCCC[N+]1(C)CCCCC1.[Br-],CCCC[N+]1(C)CCCCC1,[Br-]
2.79,CC[n+]1ccc(N(C)C)cc1.O=S(=O)([N-]S(=O)(=O)C(F)(F)F)C(F)(F)F,CC[n+]1ccc(N(C)C)cc1,O=S(=O)([N-]S(=O)(=O)C(F)(F)F)C(F)(F)F
1.8,CCCCCCCC[N+]1(CC)CCCCC1.[Br-],CCCCCCCC[N+]1(CC)CCCCC1,[Br-]
2.32,CCC[n+]1ccn(CC)c1.O=S(=O)([N-]S(=O)(=O)C(F)(F)F)C(F)(F)F,CCC[n+]1ccn(CC)c1,O=S(=O)([N-]S(=O)(=O)C(F)(F)F)C(F)(F)F
3.05,CCOC[N+]1(C)CCCC1.[Cl-],CCOC[N+]1(C)CCCC1,[Cl-]
2.26,CCCCCCCC[N+]1(C)CCCC1.[Br-],CCCCCCCC[N+]1(C)CCCC1,[Br-]
4.6,CCCn1cc[n+](C)c1.[Cl-],CCCn1cc[n+](C)c1,[Cl-]
3.0984550065,CCCCn1cc[n+](C)c1.F[P-](F)(F)(F)(F)F,CCCCn1cc[n+](C)c1,F[P-](F)(F)(F)(F)F
4.6,CCOCC[N+]1(C)CCOCC1.[Br-],CCOCC[N+]1(C)CCOCC1,[Br-]
4.58,CC(N)C(=O)[O-].OCCCn1cc[nH+]c1,OCCCn1cc[nH+]c1,CC(N)C(=O)[O-]
0.48,CCCCCCCCCCCCCC[P+](CCCCCC)(CCCCCC)CCCCCC.F[B-](F)(F)F,CCCCCCCCCCCCCC[P+](CCCCCC)(CCCCCC)CCCCCC,F[B-](F)(F)F
0.96,CCCCCCCCCCCCCCCCCC[n+]1ccn(C)c1.[Cl-],CCCCCCCCCCCCCCCCCC[n+]1ccn(C)c1,[Cl-]
2.26,CCCCCC[n+]1ccn(CC)c1.F[B-](F)(F)F,CCCCCC[n+]1ccn(CC)c1,F[B-](F)(F)F
2.09,CCNC(N(C)C)=[N+](C)C.FC(F)(F)C(F)(F)[P-](F)(F)(F)(C(F)(F)C(F)(F)F)C(F)(F)C(F)(F)F,CCNC(N(C)C)=[N+](C)C,FC(F)(F)C(F)(F)[P-](F)(F)(F)(C(F)(F)C(F)(F)F)C(F)(F)C(F)(F)F
4.6,CCOCC[NH+](C)C.[Cl-],CCOCC[NH+](C)C,[Cl-]
2.29,CCCCCCn1cc[n+](C)c1.O=S1(=O)N=C([O-])c2ccccc21,CCCCCCn1cc[n+](C)c1,O=S1(=O)N=C([O-])c2ccccc21
2.3,CCCCCCCn1cc[n+](C)c1.F[P-](F)(F)(F)(F)F,CCCCCCCn1cc[n+](C)c1,F[P-](F)(F)(F)(F)F
3.3,CCCCCCOC[n+]1cccc(O)c1.O=C1N=S(=O)([O-])c2ccccc21,CCCCCCOC[n+]1cccc(O)c1,O=C1N=S(=O)([O-])c2ccccc21
2.91,CC(=O)OCC[N+]1(C)CCCC1.FC(F)(F)C(F)(F)[P-](F)(F)(F)(C(F)(F)C(F)(F)F)C(F)(F)C(F)(F)F,CC(=O)OCC[N+]1(C)CCCC1,FC(F)(F)C(F)(F)[P-](F)(F)(F)(C(F)(F)C(F)(F)F)C(F)(F)C(F)(F)F
3.472108132,CC(C)C(=O)[O-].OCC[NH2+]CCO,OCC[NH2+]CCO,CC(C)C(=O)[O-]
2.32,CCCC[n+]1ccc(N(C)C)cc1.[Br-],CCCC[n+]1ccc(N(C)C)cc1,[Br-]
2.07,CCOS(=O)(=O)[O-].CC[n+]1ccn(C)c1,CC[n+]1ccn(C)c1,CCOS(=O)(=O)[O-]
3.46,CCCC[n+]1cccc(C)c1.N#C[N-]C#N,CCCC[n+]1cccc(C)c1,N#C[N-]C#N
0.068185862,CCCCCCCCC=CCCCCCCCC1=[N+](CC)CCN1CCO.CCOS(=O)(=O)[O-],CCCCCCCCC=CCCCCCCCC1=[N+](CC)CCN1CCO,CCOS(=O)(=O)[O-]
1.43,CCCCCCCCC[n+]1ccn(C)c1.F[B-](F)(F)F,CCCCCCCCC[n+]1ccn(C)c1,F[B-](F)(F)F
2.2,CCCCCCCC[N+]1(CC)CCCCC1.[I-],CCCCCCCC[N+]1(CC)CCCCC1,[I-]
1.61,COCCOCCn1cc[n+](C)c1.[Cl-],COCCOCCn1cc[n+](C)c1,[Cl-]
1.6,CCCCCCCCCCCOC[n+]1cccc(O)c1.O=C1N=S(=O)([O-])c2ccccc21,CCCCCCCCCCCOC[n+]1cccc(O)c1,O=C1N=S(=O)([O-])c2ccccc21
2.447158031,CCCCn1cc[n+](C)c1.[C-]#[O+].[C-]#[O+],CCCCn1cc[n+](C)c1,[C-]#[O+]
2.9720254515000004,C[n+]1ccn(Cc2ccccc2)c1.F[B-](F)(F)F,C[n+]1ccn(Cc2ccccc2)c1,F[B-](F)(F)F
1.78,CCCC[N+]1(C)CCCCC1.O=S(=O)(N=S(=O)([O-])C(F)(F)F)C(F)(F)F,CCCC[N+]1(C)CCCCC1,O=S(=O)(N=S(=O)([O-])C(F)(F)F)C(F)(F)F
4.76,NCC(=O)[O-].OCCCn1cc[nH+]c1,OCCCn1cc[nH+]c1,NCC(=O)[O-]
2.03,CCCC[N+](C)(C)CC.O=S(=O)(N=S(=O)([O-])C(F)(F)F)C(F)(F)F,CCCC[N+](C)(C)CC,O=S(=O)(N=S(=O)([O-])C(F)(F)F)C(F)(F)F
3.255,CCCC[n+]1cc(C)cc(C)c1.F[B-](F)(F)F,CCCC[n+]1cc(C)cc(C)c1,F[B-](F)(F)F
3.7,CC[N+](C)(C)CCO.O=S(=O)([N-]S(=O)(=O)C(F)(F)F)C(F)(F)F,CC[N+](C)(C)CCO,O=S(=O)([N-]S(=O)(=O)C(F)(F)F)C(F)(F)F
2.45,CC[N+](C)(C)CCOC.O=S(=O)(N=S(=O)([O-])C(F)(F)F)C(F)(F)F,CC[N+](C)(C)CCOC,O=S(=O)(N=S(=O)([O-])C(F)(F)F)C(F)(F)F
1.479067397,CCCCCCn1cc[n+](C)c1.FC(F)(F)C(F)(F)[P-](F)(F)(F)(C(F)(F)C(F)(F)F)C(F)(F)C(F)(F)F,CCCCCCn1cc[n+](C)c1,FC(F)(F)C(F)(F)[P-](F)(F)(F)(C(F)(F)C(F)(F)F)C(F)(F)C(F)(F)F
3.55,O=S(=O)([N-]S(=O)(=O)C(F)(F)F)C(F)(F)F.OCCC[n+]1ccccc1,OCCC[n+]1ccccc1,O=S(=O)([N-]S(=O)(=O)C(F)(F)F)C(F)(F)F
2.13,CC[n+]1ccn(C)c1.O=S(=O)([O-])O,CC[n+]1ccn(C)c1,O=S(=O)([O-])O
0.645,CCCCCCCCCC[N+](C)(C)Cc1ccccc1.[Cl-],CCCCCCCCCC[N+](C)(C)Cc1ccccc1,[Cl-]
1.97,CCCC[n+]1ccn(C)c1.O=S(=O)([O-])O,CCCC[n+]1ccn(C)c1,O=S(=O)([O-])O
3.7,CC1=CC(=O)N=S(=O)([O-])O1.CCCCOC[n+]1cccc(O)c1,CCCCOC[n+]1cccc(O)c1,CC1=CC(=O)N=S(=O)([O-])O1
3.79,O=S(=O)([N-]S(=O)(=O)C(F)(F)F)C(F)(F)F.OCC[n+]1ccccc1,OCC[n+]1ccccc1,O=S(=O)([N-]S(=O)(=O)C(F)(F)F)C(F)(F)F
2.77,CCCn1cc[n+](C)c1.O=S(=O)([N-]S(=O)(=O)C(F)(F)F)C(F)(F)F,CCCn1cc[n+](C)c1,O=S(=O)([N-]S(=O)(=O)C(F)(F)F)C(F)(F)F
1.95,CCCC[n+]1ccn(C)c1.COS(=O)(=O)[O-],CCCC[n+]1ccn(C)c1,COS(=O)(=O)[O-]
3.53,C[N+]1(CCCO)CCOCC1.O=S(=O)([N-]S(=O)(=O)C(F)(F)F)C(F)(F)F,C[N+]1(CCCO)CCOCC1,O=S(=O)([N-]S(=O)(=O)C(F)(F)F)C(F)(F)F
3.78,C[n+]1ccn(CCCCO)c1.[Cl-],C[n+]1ccn(CCCCO)c1,[Cl-]
3.15,CCCCn1cc[n+](C)c1.N#C[N-]C#N,CCCCn1cc[n+](C)c1,N#C[N-]C#N
1.98,CC[n+]1ccn(C)c1.N#C[B-](C#N)(C#N)C#N,CC[n+]1ccn(C)c1,N#C[B-](C#N)(C#N)C#N
4.04,CCC[NH+]1CCC(C)C1.F[P-](F)(F)(F)(F)F,CCC[NH+]1CCC(C)C1,F[P-](F)(F)(F)(F)F
2.71,COCCC[N+]1(C)CCCC1.O=S(=O)(N=S(=O)([O-])C(F)(F)F)C(F)(F)F,COCCC[N+]1(C)CCCC1,O=S(=O)(N=S(=O)([O-])C(F)(F)F)C(F)(F)F
3.046667790666667,CCCCCCn1cc[n+](C)c1.F[B-](F)(F)F,CCCCCCn1cc[n+](C)c1,F[B-](F)(F)F
2.53,CCCCCCCn1cc[n+](C)c1.[Cl-],CCCCCCCn1cc[n+](C)c1,[Cl-]
3.15,C[n+]1ccn(CCc2ccccc2)c1.[Cl-],C[n+]1ccn(CCc2ccccc2)c1,[Cl-]
2.07,CCCCCCC[n+]1ccn(C)c1.[Cl-],CCCCCCC[n+]1ccn(C)c1,[Cl-]
2.47,COCC[n+]1ccn(C)c1.O=S(=O)(N=S(=O)([O-])C(F)(F)F)C(F)(F)F,COCC[n+]1ccn(C)c1,O=S(=O)(N=S(=O)([O-])C(F)(F)F)C(F)(F)F
1.07,COCCn1cc[n+](C)c1.N#CN=C=[N-],COCCn1cc[n+](C)c1,N#CN=C=[N-]
3.77,[Cl-].c1cc[nH+]cc1,c1cc[nH+]cc1,[Cl-]
3.530099849,CCCCC(=O)[O-].OCC[NH+](CCO)CCO,OCC[NH+](CCO)CCO,CCCCC(=O)[O-]
4.6,C[N+]1(CCCO)CCCC1.[Cl-],C[N+]1(CCCO)CCCC1,[Cl-]
3.69,CCOCC[N+]1(C)CCOCC1.O=S(=O)([N-]S(=O)(=O)C(F)(F)F)C(F)(F)F,CCOCC[N+]1(C)CCOCC1,O=S(=O)([N-]S(=O)(=O)C(F)(F)F)C(F)(F)F
2.9,CCCC[N+]1(C)CCCC1.F[B-](F)(F)F,CCCC[N+]1(C)CCCC1,F[B-](F)(F)F
1.47,CCCCCCCC[n+]1cccc(C)c1.[Cl-],CCCCCCCC[n+]1cccc(C)c1,[Cl-]
3.9190151685,CCn1cc[n+](C)c1.F[P-](F)(F)(F)(F)F,CCn1cc[n+](C)c1,F[P-](F)(F)(F)(F)F
3.83,CC[N+](C)(C)CCCO.O=S(=O)([N-]S(=O)(=O)C(F)(F)F)C(F)(F)F,CC[N+](C)(C)CCCO,O=S(=O)([N-]S(=O)(=O)C(F)(F)F)C(F)(F)F
3.04,CCC[NH+]1CCC(C)C1.O=S(=O)([N-]S(=O)(=O)C(F)(F)F)C(F)(F)F,CCC[NH+]1CCC(C)C1,O=S(=O)([N-]S(=O)(=O)C(F)(F)F)C(F)(F)F
3.4183202535,CCCCn1cc[n+](C)c1.N#C[S-],CCCCn1cc[n+](C)c1,N#C[S-]
3.81,COCC[N+]1(C)CCOCC1.O=S(=O)([N-]S(=O)(=O)C(F)(F)F)C(F)(F)F,COCC[N+]1(C)CCOCC1,O=S(=O)([N-]S(=O)(=O)C(F)(F)F)C(F)(F)F
1.64,CCCCCCCn1cc[n+](C)c1.O=S(=O)([N-]S(=O)(=O)C(F)(F)F)C(F)(F)F,CCCCCCCn1cc[n+](C)c1,O=S(=O)([N-]S(=O)(=O)C(F)(F)F)C(F)(F)F
0.16,CCCCCCCCCCCCCC[N+](C)(C)Cc1ccccc1.[Cl-],CCCCCCCCCCCCCC[N+](C)(C)Cc1ccccc1,[Cl-]
0.28,C[NH+](C)CCCCCCCCCCCCCc1ccccc1.[Cl-],C[NH+](C)CCCCCCCCCCCCCc1ccccc1,[Cl-]
1.4,CCCCCCn1cc[n+](C)c1.FC(F)(F)C(F)(F)C(F)(F)[P-](F)(F)(F)(C(F)(F)C(F)(F)C(F)(F)F)C(F)(F)C(F)(F)C(F)(F)F,CCCCCCn1cc[n+](C)c1,FC(F)(F)C(F)(F)C(F)(F)[P-](F)(F)(F)(C(F)(F)C(F)(F)C(F)(F)F)C(F)(F)C(F)(F)C(F)(F)F
3.1434829736666665,CCCCn1cc[n+](C)c1.F[B-](F)(F)F,CCCCn1cc[n+](C)c1,F[B-](F)(F)F
3.260035694,CCCC(=O)[O-].[NH3+]CCCO,[NH3+]CCCO,CCCC(=O)[O-]
1.93,CCCC[n+]1ccn(C)c1.O=S(=O)([O-])C(F)(F)F,CCCC[n+]1ccn(C)c1,O=S(=O)([O-])C(F)(F)F
3.94,C[n+]1cc[nH]c1.[Cl-],C[n+]1cc[nH]c1,[Cl-]
1.445,CCCCCCCCCCCCC[N+](C)(C)Cc1ccccc1.[Cl-],CCCCCCCCCCCCC[N+](C)(C)Cc1ccccc1,[Cl-]
1.28,CCCCCCCCCCCCCCCC[n+]1ccccc1.[Cl-],CCCCCCCCCCCCCCCC[n+]1ccccc1,[Cl-]
1.55,CCCCC[n+]1ccccc1.O=S(=O)(N=S(=O)([O-])C(F)(F)F)C(F)(F)F,CCCCC[n+]1ccccc1,O=S(=O)(N=S(=O)([O-])C(F)(F)F)C(F)(F)F
2.01,CCCC[n+]1ccn(CC)c1.O=C([O-])C(F)(F)F,CCCC[n+]1ccn(CC)c1,O=C([O-])C(F)(F)F
1.98,CCCCCCCCOS(=O)(=O)[O-].CCCC[n+]1ccn(C)c1,CCCC[n+]1ccn(C)c1,CCCCCCCCOS(=O)(=O)[O-]
2.7,CCCCn1cc[n+](C)c1.CCOS(=O)(=O)[O-],CCCCn1cc[n+](C)c1,CCOS(=O)(=O)[O-]
3.211093802,CCCCn1cc[n+](C)c1.COS(=O)(=O)[O-],CCCCn1cc[n+](C)c1,COS(=O)(=O)[O-]
0.93,CC[n+]1ccc(N(C)C)cc1.O=S(=O)(N=S(=O)([O-])C(F)(F)F)C(F)(F)F,CC[n+]1ccc(N(C)C)cc1,O=S(=O)(N=S(=O)([O-])C(F)(F)F)C(F)(F)F
3.87328609325,CCOCn1cc[n+](C)c1.[Cl-],CCOCn1cc[n+](C)c1,[Cl-]
4.24,CCn1cc[n+](C)c1.COS(=O)(=O)[O-],CCn1cc[n+](C)c1,COS(=O)(=O)[O-]
4.76,COS(=O)(=O)[O-].Cn1cc[n+](C)c1,Cn1cc[n+](C)c1,COS(=O)(=O)[O-]
3.9001835645,C[n+]1ccn(CC#N)c1.O=S(=O)([N-]S(=O)(=O)C(F)(F)F)C(F)(F)F,C[n+]1ccn(CC#N)c1,O=S(=O)([N-]S(=O)(=O)C(F)(F)F)C(F)(F)F
1.85,CCCCCC[n+]1ccccc1.O=S(=O)(N=S(=O)([O-])C(F)(F)F)C(F)(F)F,CCCCCC[n+]1ccccc1,O=S(=O)(N=S(=O)([O-])C(F)(F)F)C(F)(F)F
2.06,COCCC[n+]1ccccc1.O=S(=O)(N=S(=O)([O-])C(F)(F)F)C(F)(F)F,COCCC[n+]1ccccc1,O=S(=O)(N=S(=O)([O-])C(F)(F)F)C(F)(F)F
3.47,CCCC[n+]1cccc(C)c1.F[P-](F)(F)(F)(F)F,CCCC[n+]1cccc(C)c1,F[P-](F)(F)(F)(F)F
4.79,COCCCn1cc[n+](C)c1.[Cl-],COCCCn1cc[n+](C)c1,[Cl-]
1.08,CCCCCCCCCC[n+]1ccn(C)c1.F[B-](F)(F)F,CCCCCCCCCC[n+]1ccn(C)c1,F[B-](F)(F)F
2.34,C[N+]1(CCO)CCCCC1.O=S(=O)(N=S(=O)([O-])C(F)(F)F)C(F)(F)F,C[N+]1(CCO)CCCCC1,O=S(=O)(N=S(=O)([O-])C(F)(F)F)C(F)(F)F
2.381851417048372,CCCC[n+]1cc(C)cc(C)c1.N#CN=C=[N-],CCCC[n+]1cc(C)cc(C)c1,N#CN=C=[N-]
2.55,CCOCC[N+]1(C)CCCC1.O=S(=O)(N=S(=O)([O-])C(F)(F)F)C(F)(F)F,CCOCC[N+]1(C)CCCC1,O=S(=O)(N=S(=O)([O-])C(F)(F)F)C(F)(F)F
3.79,N#CC[n+]1ccccc1.[Cl-],N#CC[n+]1ccccc1,[Cl-]
2.357934847,C[n+]1ccn(CCCCCCCCO)c1.[Br-],C[n+]1ccn(CCCCCCCCO)c1,[Br-]
1.17,CC[N+](CC)(CC)CC.c1ccc2c(c1)O[B-]1(O2)Oc2ccccc2O1,CC[N+](CC)(CC)CC,c1ccc2c(c1)O[B-]1(O2)Oc2ccccc2O1
3.505,N#CC[n+]1ccccc1.O=S(=O)([N-]S(=O)(=O)C(F)(F)F)C(F)(F)F,N#CC[n+]1ccccc1,O=S(=O)([N-]S(=O)(=O)C(F)(F)F)C(F)(F)F
3.09,C[NH+]1C=CN=C1.F[B-](F)(F)F,C[NH+]1C=CN=C1,F[B-](F)(F)F
4.3,CC(O)C(=O)[O-].C[N+]1(Cc2ccccc2)CCOCC1,C[N+]1(Cc2ccccc2)CCOCC1,CC(O)C(=O)[O-]
2.08,CCn1cc[n+](CC)c1.[Br-],CCn1cc[n+](CC)c1,[Br-]
3.99,CCn1cc[n+](C)c1.O=S(=O)([O-])O,CCn1cc[n+](C)c1,O=S(=O)([O-])O
1.99,CCCC[n+]1ccn(C)c1.CS(=O)(=O)[O-],CCCC[n+]1ccn(C)c1,CS(=O)(=O)[O-]
3.3922258405,CCCC(=O)[O-].OCC[NH+](CCO)CCO,OCC[NH+](CCO)CCO,CCCC(=O)[O-]
3.65,C[N+]1(CCO)CCCCC1.O=S(=O)([N-]S(=O)(=O)C(F)(F)F)C(F)(F)F,C[N+]1(CCO)CCCCC1,O=S(=O)([N-]S(=O)(=O)C(F)(F)F)C(F)(F)F
1.81,CCCCCCCCCCCCCC[P+](CCCCCC)(CCCCCC)CCCCCC.[Cl-],CCCCCCCCCCCCCC[P+](CCCCCC)(CCCCCC)CCCCCC,[Cl-]
3.425,CCCn1cc[n+](C)c1.F[P-](F)(F)(F)(F)F,CCCn1cc[n+](C)c1,F[P-](F)(F)(F)(F)F
3.78,CC(=O)CCn1cc[n+](C)c1.[Br-],CC(=O)CCn1cc[n+](C)c1,[Br-]
3.975,C[N+]1(CC#N)CCCCC1.O=S(=O)([N-]S(=O)(=O)C(F)(F)F)C(F)(F)F,C[N+]1(CC#N)CCCCC1,O=S(=O)([N-]S(=O)(=O)C(F)(F)F)C(F)(F)F
1.64,CCCC[n+]1ccc(C)cc1.FC(F)(F)C(F)(F)[P-](F)(F)(F)(C(F)(F)C(F)(F)F)C(F)(F)C(F)(F)F,CCCC[n+]1ccc(C)cc1,FC(F)(F)C(F)(F)[P-](F)(F)(F)(C(F)(F)C(F)(F)F)C(F)(F)C(F)(F)F
1.36,CCCCCCCCC[n+]1ccn(C)c1.[Cl-],CCCCCCCCC[n+]1ccn(C)c1,[Cl-]
4.6,CC(O)C(=O)[O-].C[N+](C)(C)CCO,C[N+](C)(C)CCO,CC(O)C(=O)[O-]
2.85,CCCCCC[n+]1ccccc1.[Br-],CCCCCC[n+]1ccccc1,[Br-]
3.27,COCCC[N+]1(C)CCCCC1.O=S(=O)([N-]S(=O)(=O)C(F)(F)F)C(F)(F)F,COCCC[N+]1(C)CCCCC1,O=S(=O)([N-]S(=O)(=O)C(F)(F)F)C(F)(F)F
2.373333333333333,CCCCCCCC[N+]1(C)CCCC1.[Cl-],CCCCCCCC[N+]1(C)CCCC1,[Cl-]
2.92,CC[N+](C)(C)CCCOC.O=S(=O)(N=S(=O)([O-])C(F)(F)F)C(F)(F)F,CC[N+](C)(C)CCCOC,O=S(=O)(N=S(=O)([O-])C(F)(F)F)C(F)(F)F
0.07,CCCCCCCCC=CCCCCCCCC1=[N+](CCO)CCN1CC.CCOS(=O)(=O)[O-],CCCCCCCCC=CCCCCCCCC1=[N+](CCO)CCN1CC,CCOS(=O)(=O)[O-]
3.98,CCCC[N+]1(C)CCCC1.O=S(=O)([O-])C(F)(F)F,CCCC[N+]1(C)CCCC1,O=S(=O)([O-])C(F)(F)F
3.3412113405,COC(C)Cn1cc[n+](C)c1.O=S(=O)([N-]S(=O)(=O)C(F)(F)F)C(F)(F)F,COC(C)Cn1cc[n+](C)c1,O=S(=O)([N-]S(=O)(=O)C(F)(F)F)C(F)(F)F
3.26,CCOC[N+]1(C)CCCC1.O=S(=O)([N-]S(=O)(=O)C(F)(F)F)C(F)(F)F,CCOC[N+]1(C)CCCC1,O=S(=O)([N-]S(=O)(=O)C(F)(F)F)C(F)(F)F
2.66,CCCC[n+]1cccc(C)c1.N#CN=C=[N-],CCCC[n+]1cccc(C)c1,N#CN=C=[N-]
2.8312544565,CCn1cc[n+](C)c1.O=P([O-])(C(F)(F)C(F)(F)F)C(F)(F)C(F)(F)F,CCn1cc[n+](C)c1,O=P([O-])(C(F)(F)C(F)(F)F)C(F)(F)C(F)(F)F
0.97,CCCCCCCC[n+]1cc(C)cc(C)c1.F[B-](F)(F)F,CCCCCCCC[n+]1cc(C)cc(C)c1,F[B-](F)(F)F
1.53,CCCCCCCC[n+]1ccn(C)c1.F[B-](F)(F)F,CCCCCCCC[n+]1ccn(C)c1,F[B-](F)(F)F
3.3,C[n+]1ccn(Cc2ccccc2)c1.F[P-](F)(F)(F)(F)F,C[n+]1ccn(Cc2ccccc2)c1,F[P-](F)(F)(F)(F)F
2.6618504625000003,Cc1ccc(Cn2cc[n+](C)c2)cc1.F[P-](F)(F)(F)(F)F,Cc1ccc(Cn2cc[n+](C)c2)cc1,F[P-](F)(F)(F)(F)F
-0.128427064,CCCCCCCCCCn1cc[n+](CCCCCCCCCC)c1C.O=S(=O)([N-]S(=O)(=O)C(F)(F)F)C(F)(F)F,CCCCCCCCCCn1cc[n+](CCCCCCCCCC)c1C,O=S(=O)([N-]S(=O)(=O)C(F)(F)F)C(F)(F)F
1.6,CC1=CC(=O)N=S(=O)([O-])O1.CCCCCCCCCCCOC[n+]1cccc(O)c1,CCCCCCCCCCCOC[n+]1cccc(O)c1,CC1=CC(=O)N=S(=O)([O-])O1
2.3,CCOC[N+](C)(C)CC.O=S(=O)(N=S(=O)([O-])C(F)(F)F)C(F)(F)F,CCOC[N+](C)(C)CC,O=S(=O)(N=S(=O)([O-])C(F)(F)F)C(F)(F)F
4.39,COCCn1cc[n+](C)c1.[Cl-],COCCn1cc[n+](C)c1,[Cl-]
2.16,CCCC[n+]1cccc2ccccc21.[Cl-],CCCC[n+]1cccc2ccccc21,[Cl-]
3.5,CC1=CC(=O)N=S(=O)([O-])O1.CCCOC[n+]1cccc(O)c1,CCCOC[n+]1cccc(O)c1,CC1=CC(=O)N=S(=O)([O-])O1
3.36,CCOC[N+]1(C)CCOCC1.O=S(=O)([N-]S(=O)(=O)C(F)(F)F)C(F)(F)F,CCOC[N+]1(C)CCOCC1,O=S(=O)([N-]S(=O)(=O)C(F)(F)F)C(F)(F)F
3.6,CCCn1cc[n+](CC)c1.[Br-],CCCn1cc[n+](CC)c1,[Br-]
3.805,C[N+]1(CC#N)CCCC1.O=S(=O)([N-]S(=O)(=O)C(F)(F)F)C(F)(F)F,C[N+]1(CC#N)CCCC1,O=S(=O)([N-]S(=O)(=O)C(F)(F)F)C(F)(F)F
1.4,CCCCCCCC[n+]1ccccc1.O=S(=O)(N=S(=O)([O-])C(F)(F)F)C(F)(F)F,CCCCCCCC[n+]1ccccc1,O=S(=O)(N=S(=O)([O-])C(F)(F)F)C(F)(F)F
2.88,CCOC[N+]1(C)CCOCC1.O=S(=O)(N=S(=O)([O-])C(F)(F)F)C(F)(F)F,CCOC[N+]1(C)CCOCC1,O=S(=O)(N=S(=O)([O-])C(F)(F)F)C(F)(F)F
1.61,CCCC[N+](CCCC)(CCCC)CCCC.c1ccc2c(c1)O[B-]1(O2)Oc2ccccc2O1,CCCC[N+](CCCC)(CCCC)CCCC,c1ccc2c(c1)O[B-]1(O2)Oc2ccccc2O1
2.48,CCCC[n+]1cc(C)cc(C)c1C.[Br-],CCCC[n+]1cc(C)cc(C)c1C,[Br-]
0.23,CCCCCCCC[N+](C)(CCCCCCCC)CCCCCCCC.O=S(=O)([N-]S(=O)(=O)C(F)(F)F)C(F)(F)F,CCCCCCCC[N+](C)(CCCCCCCC)CCCCCCCC,O=S(=O)([N-]S(=O)(=O)C(F)(F)F)C(F)(F)F
2.83,C[n+]1cc[nH]c1.O=C[O-],C[n+]1cc[nH]c1,O=C[O-]
2.61,C[N+]1(CCO)CCCC1.O=S(=O)(N=S(=O)([O-])C(F)(F)F)C(F)(F)F,C[N+]1(CCO)CCCC1,O=S(=O)(N=S(=O)([O-])C(F)(F)F)C(F)(F)F
2.9433333333333334,CCCCCC[N+]1(C)CCCC1.[Cl-],CCCCCC[N+]1(C)CCCC1,[Cl-]
2.29,C[n+]1ccn(CCCO)c1.N#CN=C=[N-],C[n+]1ccn(CCCO)c1,N#CN=C=[N-]
3.5109416805,CCCCn1cc[n+](C)c1.CS(=O)(=O)[O-],CCCCn1cc[n+](C)c1,CS(=O)(=O)[O-]
3.76,C[n+]1ccn(CCO)c1.O=S(=O)([N-]S(=O)(=O)C(F)(F)F)C(F)(F)F,C[n+]1ccn(CCO)c1,O=S(=O)([N-]S(=O)(=O)C(F)(F)F)C(F)(F)F
2.34,CCC[N+](C)(C)CC.O=S(=O)(N=S(=O)([O-])C(F)(F)F)C(F)(F)F,CCC[N+](C)(C)CC,O=S(=O)(N=S(=O)([O-])C(F)(F)F)C(F)(F)F
2.69,CCCC[n+]1cc(C)cc(C)c1.[Br-],CCCC[n+]1cc(C)cc(C)c1,[Br-]
2.53,CCCCCCC[NH+]1C=CN(C)C1.[Cl-],CCCCCCC[NH+]1C=CN(C)C1,[Cl-]
3.72,C[N+]1(CCO)CCCC1.O=S(=O)([N-]S(=O)(=O)C(F)(F)F)C(F)(F)F,C[N+]1(CCO)CCCC1,O=S(=O)([N-]S(=O)(=O)C(F)(F)F)C(F)(F)F
1.9,CCCCCCn1cc[n+](C)c1C.F[B-](F)(F)F,CCCCCCn1cc[n+](C)c1C,F[B-](F)(F)F
4.0311078515,CC(=O)[O-].OCC[NH2+]CCO,OCC[NH2+]CCO,CC(=O)[O-]
3.19,COCC[n+]1ccccc1.O=S(=O)([N-]S(=O)(=O)C(F)(F)F)C(F)(F)F,COCC[n+]1ccccc1,O=S(=O)([N-]S(=O)(=O)C(F)(F)F)C(F)(F)F
2.865,CCCC[N+]1(C)CCCC1.O=S(=O)([N-]S(=O)(=O)C(F)(F)F)C(F)(F)F,CCCC[N+]1(C)CCCC1,O=S(=O)([N-]S(=O)(=O)C(F)(F)F)C(F)(F)F
1.66,CCCC[P+](CCCC)(CCCC)CCCC.[Br-],CCCC[P+](CCCC)(CCCC)CCCC,[Br-]
1.58,CCCCCCCC[N+]1(C)CCCC1.O=S(=O)([N-]S(=O)(=O)C(F)(F)F)C(F)(F)F,CCCCCCCC[N+]1(C)CCCC1,O=S(=O)([N-]S(=O)(=O)C(F)(F)F)C(F)(F)F
2.15,CCCC[n+]1ccn(C)c1.F[P-](F)(F)(F)(F)F,CCCC[n+]1ccn(C)c1,F[P-](F)(F)(F)(F)F
3.4,CC1=CC(=O)[N-]S(=O)(=O)O1.CCCCCCOC[n+]1cccc(O)c1,CCCCCCOC[n+]1cccc(O)c1,CC1=CC(=O)[N-]S(=O)(=O)O1
4.4903303265000005,O=C[O-].[NH3+]CCCO,[NH3+]CCCO,O=C[O-]
2.03,C[N+](C)(C)C.FC(F)(F)C(F)(F)[P-](F)(F)(F)(C(F)(F)C(F)(F)F)C(F)(F)C(F)(F)F,C[N+](C)(C)C,FC(F)(F)C(F)(F)[P-](F)(F)(F)(C(F)(F)C(F)(F)F)C(F)(F)C(F)(F)F
3.34,COCCC[n+]1ccn(C)c1.O=S(=O)([N-]S(=O)(=O)C(F)(F)F)C(F)(F)F,COCCC[n+]1ccn(C)c1,O=S(=O)([N-]S(=O)(=O)C(F)(F)F)C(F)(F)F
3.64,C[N+]1(Cc2ccccc2)CCOCC1.O=S(=O)([O-])O,C[N+]1(Cc2ccccc2)CCOCC1,O=S(=O)([O-])O
1.49,CCCCCCCC[n+]1ccc(C)cc1.F[B-](F)(F)F,CCCCCCCC[n+]1ccc(C)cc1,F[B-](F)(F)F
1.6,CCCCCCCC[n+]1ccn(C)c1.[Cl-],CCCCCCCC[n+]1ccn(C)c1,[Cl-]
2.665,C[N+]1(CCCO)CCCCC1.O=S(=O)(N=S(=O)([O-])C(F)(F)F)C(F)(F)F,C[N+]1(CCCO)CCCCC1,O=S(=O)(N=S(=O)([O-])C(F)(F)F)C(F)(F)F
3.842238588,CCOC(=O)C[N+]1(C)CCCC1.[Br-],CCOC(=O)C[N+]1(C)CCCC1,[Br-]
3.12,CCOC[n+]1ccccc1.O=S(=O)([N-]S(=O)(=O)C(F)(F)F)C(F)(F)F,CCOC[n+]1ccccc1,O=S(=O)([N-]S(=O)(=O)C(F)(F)F)C(F)(F)F
